,fdc_id,food,category,portion,modifier,portion_grams
6,167714,"Hearts of palm, raw",Vegetables and Vegetable Products,,,
22,168395,"Beans, kidney, mature seeds, sprouted, cooked, boiled, drained, without salt",Vegetables and Vegetable Products,,,
55,168428,"Lentils, sprouted, cooked, stir-fried, without salt",Vegetables and Vegetable Products,,,
70,168443,"Potato wedges, frozen (Includes foods for USDA's Food Distribution Program)",Vegetables and Vegetable Products,,,
88,168461,"Soybeans, mature seeds, sprouted, cooked, stir-fried",Vegetables and Vegetable Products,,,
127,168500,"Beans, navy, mature seeds, sprouted, cooked, boiled, drained, with salt",Vegetables and Vegetable Products,,,
136,168509,"Borage, cooked, boiled, drained, with salt",Vegetables and Vegetable Products,,,
178,168551,"Lentils, sprouted, cooked, stir-fried, with salt",Vegetables and Vegetable Products,,,
211,168584,"Fiddlehead ferns, frozen, unprepared",Vegetables and Vegetable Products,,,
224,169140,"Beans, navy, mature seeds, sprouted, cooked, boiled, drained, without salt",Vegetables and Vegetable Products,,,
274,169244,"Lambsquarters, raw",Vegetables and Vegetable Products,,,
330,169300,"Succotash, (corn and limas), raw",Vegetables and Vegetable Products,,,
345,169315,"Beans, kidney, mature seeds, sprouted, cooked, boiled, drained, with salt",Vegetables and Vegetable Products,,,
349,169319,"Beans, pinto, mature seeds, sprouted, cooked, boiled, drained, with salt",Vegetables and Vegetable Products,,,
358,169328,"Broadbeans, immature seeds, cooked, boiled, drained, with salt",Vegetables and Vegetable Products,,,
359,169329,"Broccoli, leaves, raw",Vegetables and Vegetable Products,,,
364,169334,"Butterbur, cooked, boiled, drained, with salt",Vegetables and Vegetable Products,,,
368,169338,"Cardoon, cooked, boiled, drained, with salt",Vegetables and Vegetable Products,,,
388,169358,"Yambean (jicama), cooked, boiled, drained, with salt",Vegetables and Vegetable Products,,,
400,169370,"Soybeans, mature seeds, sprouted, cooked, stir-fried, with salt",Vegetables and Vegetable Products,,,
401,169371,"Dock, cooked, boiled, drained, with salt",Vegetables and Vegetable Products,,,
432,169402,"Mushrooms, white, microwaved",Vegetables and Vegetable Products,,,
434,169404,"Broccoli, chinese, raw",Vegetables and Vegetable Products,,,
435,169405,"Fiddlehead ferns, raw",Vegetables and Vegetable Products,,,
475,169982,"Cardoon, cooked, boiled, drained, without salt",Vegetables and Vegetable Products,,,
500,170007,"Onions, welsh, raw",Vegetables and Vegetable Products,,,
516,170023,"Peppers, sweet, green, frozen, chopped, boiled, drained, without salt",Vegetables and Vegetable Products,,,
539,170046,"Potatoes, hash brown, frozen, with butter sauce, prepared",Vegetables and Vegetable Products,,,
542,170049,"Potatoes, frozen, whole, cooked, boiled, drained, without salt",Vegetables and Vegetable Products,,,
563,170070,"Winged bean tuber, raw",Vegetables and Vegetable Products,,,
567,170074,"Yambean (jicama), cooked, boiled, drained, without salt",Vegetables and Vegetable Products,,,
570,170077,"Dock, cooked, boiled, drained, without salt",Vegetables and Vegetable Products,,,
579,170086,"Beans, pinto, mature seeds, sprouted, raw",Vegetables and Vegetable Products,,,
580,170087,"Beans, pinto, mature seeds, sprouted, cooked, boiled, drained, without salt",Vegetables and Vegetable Products,,,
583,170090,"Seaweed, agar, dried",Vegetables and Vegetable Products,,,
584,170091,"Seaweed, spirulina, raw",Vegetables and Vegetable Products,,,
609,170116,"Potatoes, frozen, whole, cooked, boiled, drained, with salt",Vegetables and Vegetable Products,,,
640,170378,"Broadbeans, immature seeds, cooked, boiled, drained, without salt",Vegetables and Vegetable Products,,,
648,170386,"Butterbur, cooked, boiled, drained, without salt",Vegetables and Vegetable Products,,,
685,170423,"Peas, mature seeds, sprouted, cooked, boiled, drained, without salt",Vegetables and Vegetable Products,,,
715,170453,"Potatoes, o'brien, frozen, unprepared",Vegetables and Vegetable Products,,,
716,170454,"Potatoes, o'brien, frozen, prepared",Vegetables and Vegetable Products,,,
723,170461,Tomato powder,Vegetables and Vegetable Products,,,
736,170474,"Vinespinach, (basella), raw",Vegetables and Vegetable Products,,,
740,170478,"Winged bean leaves, raw",Vegetables and Vegetable Products,,,
744,170482,"Borage, cooked, boiled, drained, without salt",Vegetables and Vegetable Products,,,
773,170511,"Peas, mature seeds, sprouted, cooked, boiled, drained, with salt",Vegetables and Vegetable Products,,,
934,171444,"Salad dressing, mayonnaise-type, light",Fats and Oils,,,
1008,173589,"Margarine Spread, 40-49% fat, tub",Fats and Oils,,,
1032,168106,Papad,Legumes and Legume Products,,,
1094,172467,"Tempeh, cooked",Legumes and Legume Products,,,
1355,167781,Candied fruit,Fruits and Fruit Juices,,,
1380,167806,Baobab powder,Fruits and Fruit Juices,,,
1382,167808,"Raspberries, puree, seedless",Fruits and Fruit Juices,,,
1383,167809,"Raspberries, puree, with seeds",Fruits and Fruit Juices,,,
1386,168151,"Jujube, raw",Fruits and Fruit Juices,,,
1387,168152,"Jujube, Chinese, fresh, dried",Fruits and Fruit Juices,,,
1406,168171,"Rose-apples, raw",Fruits and Fruit Juices,,,
1452,168217,Raspberry juice concentrate,Fruits and Fruit Juices,,,
1458,169091,"Mango, dried, sweetened",Fruits and Fruit Juices,,,
1587,171725,"Custard-apple, (bullock's-heart), raw",Fruits and Fruit Juices,,,
1675,168147,Vital wheat gluten,Cereal Grains and Pasta,,,
1747,168938,"Wheat flour, white (industrial), 10% protein, unbleached, enriched",Cereal Grains and Pasta,,,
1748,168939,"Wheat flour, white (industrial), 11.5% protein, bleached, enriched",Cereal Grains and Pasta,,,
1749,168940,"Wheat flour, white (industrial), 11.5% protein, bleached, unenriched",Cereal Grains and Pasta,,,
1750,168941,"Wheat flour, white (industrial), 11.5% protein, unbleached, enriched",Cereal Grains and Pasta,,,
1751,168942,"Wheat flour, white (industrial), 13% protein, bleached, enriched",Cereal Grains and Pasta,,,
1753,168944,"Wheat flour, whole-grain, soft wheat",Cereal Grains and Pasta,,,
1840,172016,"Wheat flour, white (industrial), 9% protein, bleached, enriched",Cereal Grains and Pasta,,,
1841,172017,"Wheat flour, white (industrial), 9% protein, bleached, unenriched",Cereal Grains and Pasta,,,
1842,172018,"Wheat flour, white (industrial), 10% protein, bleached, enriched",Cereal Grains and Pasta,,,
1843,172019,"Wheat flour, white (industrial), 10% protein, bleached, unenriched",Cereal Grains and Pasta,,,
1844,172020,"Wheat flour, white (industrial), 13% protein, bleached, unenriched",Cereal Grains and Pasta,,,
1845,172021,"Wheat flour, white (industrial), 15% protein, bleached, enriched",Cereal Grains and Pasta,,,
1846,172022,"Wheat flour, white (industrial), 15% protein, bleached, unenriched",Cereal Grains and Pasta,,,
